{
    "label": "Arm",
    "max_physical_absorption": 0.052000000000000046,
    "max_strike_absorption": 0.052000000000000046,
    "max_slash_absorption": 0.049000000000000044,
    "max_thrust_absorption": 0.050000000000000044,
    "max_magic_absorption": 0.03600000000000003,
    "max_fire_absorption": 0.050000000000000044,
    "max_lightning_absorption": 0.03700000000000003,
    "max_holy_absorption": 0.03600000000000003,
    "max_vitality": 28,
    "max_immunity": 34,
    "max_robustness": 33,
    "max_focus": 30
}