{
    "label": "Body",
    "max_physical_absorption": 0.20399999999999996,
    "max_strike_absorption": 0.20199999999999996,
    "max_slash_absorption": 0.19199999999999995,
    "max_thrust_absorption": 0.19699999999999995,
    "max_magic_absorption": 0.15400000000000003,
    "max_fire_absorption": 0.19799999999999995,
    "max_lightning_absorption": 0.14900000000000002,
    "max_holy_absorption": 0.14500000000000002,
    "max_poise": 47,
    "max_vitality": 108,
    "max_immunity": 102,
    "max_robustness": 99,
    "max_focus": 107
}