{
    "label": "Leg",
    "max_physical_absorption": 0.119,
    "max_strike_absorption": 0.118,
    "max_slash_absorption": 0.11099999999999999,
    "max_thrust_absorption": 0.11399999999999999,
    "max_magic_absorption": 0.08299999999999996,
    "max_fire_absorption": 0.11499999999999999,
    "max_lightning_absorption": 0.08499999999999996,
    "max_holy_absorption": 0.08099999999999996,
    "max_vitality": 58,
    "max_immunity": 63,
    "max_robustness": 61,
    "max_focus": 56
}