{
    "label": "Head",
    "max_physical_absorption": 0.07499999999999996,
    "max_strike_absorption": 0.07399999999999995,
    "max_slash_absorption": 0.06999999999999995,
    "max_thrust_absorption": 0.07199999999999995,
    "max_magic_absorption": 0.06699999999999995,
    "max_fire_absorption": 0.07199999999999995,
    "max_lightning_absorption": 0.05500000000000005,
    "max_holy_absorption": 0.062000000000000055,
    "max_vitality": 47,
    "max_immunity": 46,
    "max_robustness": 45,
    "max_focus": 47
}